{
    "roc_auc": 0.9709079283887468,
    "classification_report": {
        "0": {
            "precision": 0.9922879177377892,
            "recall": 0.9989648033126294,
            "f1-score": 0.9956151663657468,
            "support": 1932.0
        },
        "1": {
            "precision": 0.9636363636363636,
            "recall": 0.7794117647058824,
            "f1-score": 0.8617886178861789,
            "support": 68.0
        },
        "accuracy": 0.9915,
        "macro avg": {
            "precision": 0.9779621406870764,
            "recall": 0.8891882840092559,
            "f1-score": 0.9287018921259629,
            "support": 2000.0
        },
        "weighted avg": {
            "precision": 0.9913137648983408,
            "recall": 0.9915,
            "f1-score": 0.9910650637174414,
            "support": 2000.0
        }
    }
}